{
  "0": [
    49.997, 
    "08:46:15", 
    0
  ], 
  "1": [
    49.995, 
    "08:46:30", 
    1
  ], 
  "2": [
    49.977, 
    "08:46:45", 
    2
  ], 
  "3": [
    50.01, 
    "08:47:00", 
    3
  ], 
  "4": [
    50.01, 
    "08:47:15", 
    4
  ], 
  "5": [
    50.001999999999995, 
    "08:47:30", 
    5
  ], 
  "6": [
    49.986999999999995, 
    "08:47:45", 
    6
  ], 
  "7": [
    49.97, 
    "08:48:00", 
    7
  ], 
  "8": [
    49.992, 
    "08:48:15", 
    8
  ], 
  "9": [
    49.97, 
    "08:48:30", 
    9
  ], 
  "10": [
    49.961999999999996, 
    "08:48:45", 
    10
  ], 
  "11": [
    49.94, 
    "08:49:00", 
    11
  ], 
  "12": [
    49.96, 
    "08:49:15", 
    12
  ], 
  "13": [
    49.955, 
    "08:49:30", 
    13
  ], 
  "14": [
    49.95, 
    "08:49:45", 
    14
  ], 
  "15": [
    49.961999999999996, 
    "08:50:00", 
    15
  ], 
  "16": [
    49.945, 
    "08:50:15", 
    16
  ], 
  "17": [
    49.922, 
    "08:50:30", 
    17
  ], 
  "18": [
    49.92, 
    "08:50:45", 
    18
  ], 
  "19": [
    49.927, 
    "08:51:00", 
    19
  ], 
  "20": [
    49.902, 
    "08:51:15", 
    20
  ], 
  "21": [
    49.915, 
    "08:51:30", 
    21
  ], 
  "22": [
    49.93, 
    "08:51:45", 
    22
  ], 
  "23": [
    49.905, 
    "08:52:00", 
    23
  ], 
  "24": [
    49.897, 
    "08:52:15", 
    24
  ], 
  "25": [
    49.895, 
    "08:52:30", 
    25
  ], 
  "26": [
    49.887, 
    "08:52:45", 
    26
  ], 
  "27": [
    49.905, 
    "08:53:00", 
    27
  ], 
  "28": [
    49.902, 
    "08:53:15", 
    28
  ], 
  "29": [
    49.895, 
    "08:53:30", 
    29
  ], 
  "30": [
    49.907, 
    "08:53:45", 
    30
  ], 
  "31": [
    49.895, 
    "08:54:00", 
    31
  ], 
  "32": [
    49.907, 
    "08:54:15", 
    32
  ], 
  "33": [
    49.88, 
    "08:54:30", 
    33
  ], 
  "34": [
    49.912, 
    "08:54:45", 
    34
  ], 
  "35": [
    49.897, 
    "08:55:00", 
    35
  ], 
  "36": [
    49.92, 
    "08:55:15", 
    36
  ], 
  "37": [
    49.925, 
    "08:55:30", 
    37
  ], 
  "38": [
    49.912, 
    "08:55:45", 
    38
  ], 
  "39": [
    49.912, 
    "08:56:00", 
    39
  ], 
  "40": [
    49.917, 
    "08:56:15", 
    40
  ], 
  "41": [
    49.88, 
    "08:56:30", 
    41
  ], 
  "42": [
    49.89, 
    "08:56:45", 
    42
  ], 
  "43": [
    49.882, 
    "08:57:00", 
    43
  ], 
  "44": [
    49.88, 
    "08:57:15", 
    44
  ], 
  "45": [
    49.87, 
    "08:57:30", 
    45
  ], 
  "46": [
    49.907, 
    "08:57:45", 
    46
  ], 
  "47": [
    49.897, 
    "08:58:00", 
    47
  ], 
  "48": [
    49.861999999999995, 
    "08:58:15", 
    48
  ], 
  "49": [
    49.88, 
    "08:58:30", 
    49
  ], 
  "50": [
    49.88, 
    "08:58:45", 
    50
  ], 
  "51": [
    49.875, 
    "08:59:00", 
    51
  ], 
  "52": [
    49.87, 
    "08:59:15", 
    52
  ], 
  "53": [
    49.875, 
    "08:59:30", 
    53
  ], 
  "54": [
    49.895, 
    "08:59:45", 
    54
  ], 
  "55": [
    49.887, 
    "09:00:00", 
    55
  ], 
  "56": [
    49.87, 
    "09:00:15", 
    56
  ], 
  "57": [
    49.882, 
    "09:00:30", 
    57
  ], 
  "58": [
    49.885, 
    "09:00:45", 
    58
  ], 
  "59": [
    49.87, 
    "09:01:00", 
    59
  ], 
  "60": [
    49.882, 
    "09:01:15", 
    60
  ], 
  "61": [
    49.876999999999995, 
    "09:01:30", 
    61
  ], 
  "62": [
    49.897, 
    "09:01:45", 
    62
  ], 
  "63": [
    49.89, 
    "09:02:00", 
    63
  ], 
  "64": [
    49.867, 
    "09:02:15", 
    64
  ], 
  "65": [
    49.867, 
    "09:02:30", 
    65
  ], 
  "66": [
    49.857, 
    "09:02:45", 
    66
  ], 
  "67": [
    49.861999999999995, 
    "09:03:00", 
    67
  ], 
  "68": [
    49.861999999999995, 
    "09:03:15", 
    68
  ], 
  "69": [
    49.861999999999995, 
    "09:03:30", 
    69
  ], 
  "70": [
    49.865, 
    "09:03:45", 
    70
  ], 
  "71": [
    49.876999999999995, 
    "09:04:00", 
    71
  ], 
  "72": [
    49.828, 
    "09:04:15", 
    72
  ], 
  "73": [
    49.84, 
    "09:04:30", 
    73
  ], 
  "74": [
    49.84, 
    "09:04:45", 
    74
  ], 
  "75": [
    49.855, 
    "09:05:00", 
    75
  ], 
  "76": [
    49.84, 
    "09:05:15", 
    76
  ], 
  "77": [
    49.835, 
    "09:05:30", 
    77
  ], 
  "78": [
    49.88, 
    "09:05:45", 
    78
  ], 
  "79": [
    49.88, 
    "09:06:00", 
    79
  ], 
  "80": [
    49.875, 
    "09:06:15", 
    80
  ], 
  "81": [
    49.861999999999995, 
    "09:06:30", 
    81
  ], 
  "82": [
    49.875, 
    "09:06:45", 
    82
  ], 
  "83": [
    49.897, 
    "09:07:00", 
    83
  ], 
  "84": [
    49.915, 
    "09:07:15", 
    84
  ], 
  "85": [
    49.945, 
    "09:07:30", 
    85
  ], 
  "86": [
    49.942, 
    "09:07:45", 
    86
  ], 
  "87": [
    49.955, 
    "09:08:00", 
    87
  ], 
  "88": [
    49.955, 
    "09:08:15", 
    88
  ], 
  "89": [
    49.95, 
    "09:08:30", 
    89
  ], 
  "90": [
    49.935, 
    "09:08:45", 
    90
  ], 
  "91": [
    49.952, 
    "09:09:00", 
    91
  ], 
  "92": [
    49.96, 
    "09:09:15", 
    92
  ], 
  "93": [
    49.96, 
    "09:09:30", 
    93
  ], 
  "94": [
    49.982, 
    "09:09:45", 
    94
  ], 
  "95": [
    49.98, 
    "09:10:00", 
    95
  ], 
  "96": [
    49.955, 
    "09:10:15", 
    96
  ], 
  "97": [
    49.985, 
    "09:10:30", 
    97
  ], 
  "98": [
    49.982, 
    "09:10:45", 
    98
  ], 
  "99": [
    49.972, 
    "09:11:00", 
    99
  ], 
  "100": [
    49.97, 
    "09:11:15", 
    100
  ], 
  "101": [
    49.972, 
    "09:11:30", 
    101
  ], 
  "102": [
    49.975, 
    "09:11:45", 
    102
  ], 
  "103": [
    49.985, 
    "09:12:00", 
    103
  ], 
  "104": [
    50.012, 
    "09:12:15", 
    104
  ], 
  "105": [
    49.997, 
    "09:12:30", 
    105
  ], 
  "106": [
    50.022, 
    "09:12:45", 
    106
  ], 
  "107": [
    50.032, 
    "09:13:00", 
    107
  ], 
  "108": [
    50.012, 
    "09:13:15", 
    108
  ], 
  "109": [
    50.001999999999995, 
    "09:13:30", 
    109
  ], 
  "110": [
    50.047, 
    "09:13:45", 
    110
  ], 
  "111": [
    50.042, 
    "09:14:00", 
    111
  ], 
  "112": [
    50.03, 
    "09:14:15", 
    112
  ], 
  "113": [
    50.007, 
    "09:14:30", 
    113
  ], 
  "114": [
    50.037, 
    "09:14:45", 
    114
  ], 
  "115": [
    50.02, 
    "09:15:00", 
    115
  ], 
  "116": [
    50.032, 
    "09:15:15", 
    116
  ], 
  "117": [
    49.942, 
    "09:15:30", 
    117
  ], 
  "118": [
    49.905, 
    "09:15:45", 
    118
  ], 
  "119": [
    49.942, 
    "09:16:00", 
    119
  ], 
  "120": [
    49.861999999999995, 
    "09:16:15", 
    120
  ], 
  "121": [
    49.887, 
    "09:16:30", 
    121
  ], 
  "122": [
    49.91, 
    "09:16:45", 
    122
  ], 
  "123": [
    49.92, 
    "09:17:00", 
    123
  ], 
  "124": [
    49.902, 
    "09:17:15", 
    124
  ], 
  "125": [
    49.891999999999996, 
    "09:17:30", 
    125
  ], 
  "126": [
    49.88, 
    "09:17:45", 
    126
  ], 
  "127": [
    49.87, 
    "09:18:00", 
    127
  ], 
  "128": [
    49.852, 
    "09:18:15", 
    128
  ], 
  "129": [
    49.86, 
    "09:18:30", 
    129
  ], 
  "130": [
    49.855, 
    "09:18:45", 
    130
  ], 
  "131": [
    49.85, 
    "09:19:00", 
    131
  ], 
  "132": [
    49.85, 
    "09:19:15", 
    132
  ], 
  "133": [
    49.857, 
    "09:19:30", 
    133
  ], 
  "134": [
    49.875, 
    "09:19:45", 
    134
  ], 
  "135": [
    49.876999999999995, 
    "09:20:00", 
    135
  ], 
  "136": [
    49.902, 
    "09:20:15", 
    136
  ], 
  "137": [
    49.93, 
    "09:20:30", 
    137
  ], 
  "138": [
    49.952, 
    "09:20:45", 
    138
  ], 
  "139": [
    49.937, 
    "09:21:00", 
    139
  ], 
  "140": [
    49.935, 
    "09:21:15", 
    140
  ], 
  "141": [
    49.945, 
    "09:21:30", 
    141
  ], 
  "142": [
    49.986999999999995, 
    "09:21:45", 
    142
  ], 
  "143": [
    50.007, 
    "09:22:00", 
    143
  ], 
  "144": [
    50.001999999999995, 
    "09:22:15", 
    144
  ], 
  "145": [
    50.015, 
    "09:22:30", 
    145
  ],